L4,H3,S,H4,H4,L3
L4,L1,H4,L2,L2,L2
L2,H4,H2,S,L1,L2
H3,L3,L4,H3,S,L4
L3,L1,L4,L3,H2,L2
L2,H1,H2,L2,L2,L2
L1,L3,L3,H3,L2,L1
L3,H1,L1,H4,L4,L1
L2,H2,L2,H4,M,L3
L4,H2,S,H1,L2,H4
H4,L2,L4,L2,L2,L1
H2,H2,L3,L3,L4,L1
H2,H4,L4,L2,L1,L4
L4,H3,H4,L2,H3,L2
L3,H3,L4,H3,L1,H2
H3,H2,L1,L4,L2,L4
L1,H3,L1,L1,H3,L2
H3,M,S,L4,L3,H4
H3,H4,L4,L4,L2,H1
H4,L4,L4,H4,L3,L4
L2,H2,L2,H1,S,L4
L2,H1,L4,L3,L2,L1
L1,L2,L2,L3,L2,H2
H3,H1,L4,L2,L2,L4
L2,L4,H3,L3,L1,H2
L4,L3,M,M,H3,L2
L2,L3,L3,L1,H2,L2
H1,L2,H2,H1,H3,H4
L4,H4,L4,L4,L1,L1
L4,L2,H1,S,L4,L4
H3,L2,L2,H2,H4,L4
L1,L1,L4,L2,H2,L4
L1,L2,L4,L3,L3,L2
H1,L1,H1,H2,L4,H2
L1,L1,H1,L2,H4,L2
L1,L2,L1,H3,L2,H1
L4,S,H4,L3,L4,H4
L4,L1,H2,L3,L2,L1
L4,L2,L3,L4,H4,L3
L1,L1,L3,L3,L4,H2
L4,L3,L1,M,L4,H2
L4,L2,L4,H4,L1,L2
L4,L2,L1,H1,L2,L1
L3,H1,H3,L1,H4,L3
L3,L4,S,H3,L4,H1
L4,L2,M,H3,H3,L4
L1,L4,L4,L1,H4,H1
L3,L3,H1,L2,L2,L2
L4,L4,L2,L3,L4,L2
H3,L4,H2,L2,H3,L1
L3,L1,S,H1,H3,H3
L1,L3,H3,H2,L2,L4
L3,L2,H3,L1,H1,L2
L3,H3,L2,H4,L4,L3
L3,L2,H2,L4,L3,L4
L4,L4,H4,L2,L4,H3
H1,H3,H2,H3,L1,L2
H2,H3,L1,L4,L2,L1
L4,L1,L4,L4,L4,H2
H3,H3,L3,H3,L4,H2
L4,L4,L4,L4,L4,L3
H2,H1,L4,L4,H2,H4
H2,H1,L1,H4,L3,H4
H1,H1,L4,L2,H1,L2
L3,L4,L3,L1,L4,L3
L2,L2,L3,L1,M,L1
H1,H2,L4,H1,H4,L2
L4,H4,H2,H1,L1,L3
L4,L4,H3,H4,H4,L4
L1,L4,H4,L4,L1,L3
H1,L3,L1,L1,L2,L1
H3,H3,H4,L3,H4,S
L3,H3,L1,M,L1,L2
H3,L1,H2,H3,L1,L4
H4,L2,L4,L1,H4,H3
H2,H1,L1,H4,H4,L4
L4,L4,H2,S,H4,L3
L3,H3,H4,H3,L4,H4
M,H4,H1,M,L4,L1
H2,S,L2,L3,S,L4
L1,L3,L2,L2,L2,H3
H3,L4,H2,L4,L4,L2
L4,L4,L3,L3,L3,H4
L2,H2,L4,L3,L2,H3
L2,H3,L4,L2,L2,L3
L3,H2,H1,H1,L1,H3
L4,L4,L4,L3,M,H2
H2,M,H4,L4,M,M
L4,L3,L4,L4,H3,L1
L1,H3,L3,L3,H4,H4
L3,L1,L2,L4,L3,H3
H1,H1,L4,L4,L4,L2
H1,L2,L2,H3,L3,H1
M,H1,L4,L3,L3,L2
L4,L4,L4,H3,H2,L3
H2,H3,L4,L3,H4,H4
L4,L1,L4,L1,L2,L3
H3,L2,L3,H2,L3,L4
L3,H2,H1,L2,H2,L4
H2,M,L1,H2,L4,L3
L4,H3,L1,H3,H2,H3
L3,L3,H3,L3,L2,L2
L4,H4,H4,H4,H1,L3
L2,L2,H4,H4,H4,H1
H3,M,L1,L4,L4,H1
M,L4,L1,H1,H2,L1
H3,L2,L3,L3,H1,L1
L3,L2,L2,H3,L2,L4
L3,L1,H4,H1,H3,L3
L3,L4,L3,L3,H3,L3
H1,L4,L3,L4,L4,L2
L2,H2,L2,H4,L2,L4
H1,L2,L1,H3,H1,L3
H2,L4,L3,L1,L2,L1
L1,H4,M,L1,L4,L3
L1,L3,L4,L2,L3,L1
H3,H3,L4,L1,H3,L4
L4,H1,L4,L4,L3,H1
H2,L2,L1,L3,H4,L1
L4,L2,H3,H4,H4,H4
L4,H3,L3,L2,L4,H2
H4,L4,L4,L3,H4,L3
L3,L1,L3,L1,H4,H1
L4,H3,L2,H4,L1,L3
H4,H4,L1,H4,H2,L4
L1,L4,L2,L4,H3,L4
L2,L1,L1,H2,H3,H4
S,L3,M,H1,H4,L4
H2,H1,L1,S,H2,H3
H4,L2,L2,H4,H1,L2
H3,H3,L3,L2,L1,L2
L4,H4,L3,L2,L3,L3
L2,L4,H4,L1,L2,L4
L1,L4,L3,H2,L2,H2
L2,L2,L4,L1,L1,H1
L3,H2,H1,L4,L3,L4
H3,H2,L2,L1,H4,L2
L4,L1,L3,H4,L2,L1
H3,H3,H2,H3,L3,L2
H4,L3,L1,L2,L2,L3
H3,L2,L4,L3,L3,H1
H2,L1,L4,H1,L4,L2
L4,L1,L4,H4,H4,S
L2,L2,H3,L4,L2,L2
H4,L1,L4,L4,L1,L1
H4,L1,L2,H3,L2,L2
L3,H4,L4,H2,M,L3
M,L2,L4,L1,H3,L2
H2,L3,H1,M,H4,L2
L2,L3,H3,H1,L1,L4
L4,L1,M,H1,L3,L3
H1,L3,L3,H3,L3,L2
L2,H2,H1,H3,L3,L4
L4,L3,L3,M,H1,L4
L2,M,L3,L3,H4,H3
L4,L4,L2,L2,L2,L4
H3,L2,L2,L4,L1,L1
M,L2,H1,L1,H1,H3
L2,L1,H3,L4,H2,H1
H3,L3,L3,L2,L1,L2
L1,L3,H4,M,L4,H4
H1,M,L4,L1,L4,H4
L3,H3,L4,L2,L4,L3
M,L2,L1,L4,L2,L3
L4,L1,H2,L2,L4,L4
L4,H3,M,H2,L4,H3
L4,L2,H3,L4,L4,H3
S,H4,H4,L3,L4,L1
H4,L2,L2,L2,L2,H4
H2,S,L1,L2,H3,L3
L4,H3,S,L4,L3,L1
L4,L3,H2,L2,L2,H1
H2,L2,L2,L2,L1,L3
L3,H3,L2,L1,L3,H1
L1,H4,L4,L1,L2,H2
L2,H4,M,L3,L4,H2
S,H1,L2,H4,H4,L2
L4,L2,L2,L1,H2,H2
L3,L3,L4,L1,H2,H4
L4,L2,L1,L4,L4,H3
H4,L2,H3,L2,L3,H3
L4,H3,L1,H2,H3,H2
L1,L4,L2,L4,L1,H3
L1,L1,H3,L2,H3,M
S,L4,L3,H4,H3,H4
L4,L4,L2,H1,H4,L4
L4,H4,L3,L4,L2,H2
L2,H1,S,L4,L2,H1
L4,L3,L2,L1,L1,L2
L2,L3,L2,H2,H3,H1
L4,L2,L2,L4,L2,L4
H3,L3,L1,H2,L4,L3
M,M,H3,L2,L2,L3
L3,L1,H2,L2,H1,L2
H2,H1,H3,H4,L4,H4
L4,L4,L1,L1,L4,L2
H1,S,L4,L4,H3,L2
L2,H2,H4,L4,L1,L1
L4,L2,H2,L4,L1,L2
L4,L3,L3,L2,H1,L1
H1,H2,L4,H2,L1,L1
H1,L2,H4,L2,L1,L2
L1,H3,L2,H1,L4,S
H4,L3,L4,H4,L4,L1
H2,L3,L2,L1,L4,L2
L3,L4,H4,L3,L1,L1
L3,L3,L4,H2,L4,L3
L1,M,L4,H2,L4,L2
L4,H4,L1,L2,L4,L2
L1,H1,L2,L1,L3,H1
H3,L1,H4,L3,L3,L4
S,H3,L4,H1,L4,L2
M,H3,H3,L4,L1,L4
L4,L1,H4,H1,L3,L3
H1,L2,L2,L2,L4,L4
L2,L3,L4,L2,H3,L4
H2,L2,H3,L1,L3,L1
S,H1,H3,H3,L1,L3
H3,H2,L2,L4,L3,L2
H3,L1,H1,L2,L3,H3
L2,H4,L4,L3,L3,L2
H2,L4,L3,L4,L4,L4
H4,L2,L4,H3,H1,H3
H2,H3,L1,L2,H2,H3
L1,L4,L2,L1,L4,L1
L4,L4,L4,H2,H3,H3
L3,H3,L4,H2,L4,L4
L4,L4,L4,L3,H2,H1
L4,L4,H2,H4,H2,H1
L1,H4,L3,H4,H1,H1
L4,L2,H1,L2,L3,L4
L3,L1,L4,L3,L2,L2
L3,L1,M,L1,H1,H2
L4,H1,H4,L2,L4,H4
H2,H1,L1,L3,L4,L4
H3,H4,H4,L4,L1,L4
H4,L4,L1,L3,H1,L3
L1,L1,L2,L1,H3,H3
H4,L3,H4,S,L3,H3
L1,M,L1,L2,H3,L1
H2,H3,L1,L4,H4,L2
L4,L1,H4,H3,H2,H1
L1,H4,H4,L4,L4,L4
H2,S,H4,L3,L3,H3
H4,H3,L4,H4,M,H4
H1,M,L4,L1,H2,S
L2,L3,S,L4,L1,L3
L2,L2,L2,H3,H3,L4
H2,L4,L4,L2,L4,L4
L3,L3,L3,H4,L2,H2
